date,pnl
2016-02-26,-0.003833366992718083
2016-02-29,-0.006690214549819821
2016-03-01,0.026684984972565287
2016-03-02,0.004013905650943134
2016-03-03,-0.001041497487962389
2016-03-04,0.001978600668707132
2016-03-07,0.0041345000356364445
2016-03-08,-0.017391593262015535
2016-03-09,0.0005348211123079691
2016-03-10,0.0022193978623415707
2016-03-11,0.016899674104987418
2016-03-14,-0.0016179604694706994
2016-03-15,0.0003678656900575354
2016-03-16,0.00819423108239736
2016-03-17,0.010653141115831728
2016-03-18,0.008934616977358053
2016-03-21,0.005104697091181748
2016-03-22,-0.002902717652976537
2016-03-23,-0.0056560422222072275
2016-03-24,0.00022588441453375485
2016-03-28,-0.0002502677872615542
2016-03-29,0.01231686996794245
2016-03-30,0.003543401692566633
2016-03-31,0.003087528072464093
2016-04-01,0.004933485247068502
2016-04-04,-0.00687281648080769
2016-04-05,-0.012601403396784323
2016-04-06,0.010846229353919688
2016-04-07,-0.016887659855016925
2016-04-08,0.0014362756346276405
2016-04-11,-0.004876090208586902
2016-04-12,0.006545428090195055
2016-04-13,0.007802253278496732
2016-04-14,-0.007034731095056598
2016-04-15,0.004151892007191501
2016-04-18,0.010038513692792028
2016-04-19,-0.0030356520233645826
2016-04-20,0.00200957054231743
2016-04-21,-0.007354150062951311
2016-04-22,0.005789835637415727
2016-04-25,0.0033146992164601904
2016-04-26,0.0011796796429173976
2016-04-27,0.0007968468523648817
2016-04-28,-0.007651015950842371
2016-04-29,-0.014499548290362263
2016-05-02,0.010050347500374474
2016-05-03,-0.012710255474078811
2016-05-04,-0.008327681866909607
2016-05-05,-0.013081086008087772
2016-05-06,-0.002508324770338085
2016-05-09,0.0030694128497511745
2016-05-10,0.017908929939437657
2016-05-11,-0.021569099888538747
2016-05-12,-0.0014757020144429926
2016-05-13,-0.006998956448707978
2016-05-16,0.010704908750750974
2016-05-17,-0.004697751435477017
2016-05-18,0.008223321501023832
2016-05-19,-0.0077387393172075845
2016-05-20,0.012246280843023118
2016-05-23,0.0008410023996209386
2016-05-24,0.026155027458990975
2016-05-25,-0.0005738685209810165
2016-05-26,0.00978125348063817
2016-05-27,0.004524693414698022
2016-05-31,0.008439051792482274
2016-06-01,0.007584219723862661
2016-06-02,-0.000724952152848552
2016-06-03,-0.0023719168806061054
2016-06-06,0.005403646349250893
2016-06-07,-0.0011868714066546595
2016-06-08,0.0016622924068485764
2016-06-09,-0.0074828731700041975
2016-06-10,-0.009663242180473701
2016-06-13,-0.0017312416283121143
2016-06-14,0.0040212711774494266
2016-06-15,-0.004717693841228922
2016-06-16,0.004842482953491576
2016-06-17,-0.011559311530615315
2016-06-20,0.005187283093886453
2016-06-21,-0.0013454441944885098
2016-06-22,0.006030627848247269
2016-06-23,0.012615089103045435
2016-06-24,-0.017953305325516943
2016-06-27,-0.018816575627372243
2016-06-28,0.023003907719944514
2016-06-29,0.021641837625891364
2016-06-30,0.014862060730242415
2016-07-01,0.0033465322128727656
2016-07-05,-0.018443132586945892
2016-07-06,0.012726040927913395
2016-07-07,0.009653403151001248
2016-07-08,0.01195267348175804
2016-07-11,0.004822683289075005
2016-07-12,0.015427417382785455
2016-07-13,-0.005543757246715711
2016-07-14,-0.007188833102145962
2016-07-15,-0.0006373827240469237
2016-07-18,0.015629244698282217
2016-07-19,-0.004670471608893535
2016-07-20,0.01673369572775683
2016-07-21,0.004250332028507045
2016-07-22,0.006132368299880038
2016-07-25,0.0023530232395382114
2016-07-26,0.011440937348067465
2016-07-27,0.0019240937672352731
2016-07-28,0.00552394760200512
2016-07-29,-0.003014079009600194
2016-08-01,-0.00497548416944418
2016-08-02,-0.016248230498214344
2016-08-03,0.01870595964623679
2016-08-04,0.0033931276412745813
2016-08-05,0.0025219768855712513
2016-08-08,-0.000641277649476447
2016-08-09,0.009463840523982588
2016-08-10,-0.011605327096609365
2016-08-11,0.008703577750633674
2016-08-12,0.0065692447156558715
2016-08-15,0.013052628727834218
2016-08-16,-0.006007562061535636
2016-08-17,-0.004308707094811826
2016-08-18,0.008766076557453444
2016-08-19,-0.0008357431208061055
2016-08-22,-0.006916708789887935
2016-08-23,0.014011387233283778
2016-08-24,-0.011430291110079597
2016-08-25,4.208167111779048e-05
2016-08-26,0.013067593964229872
2016-08-29,0.003685446564098636
2016-08-30,-0.004762319744040408
2016-08-31,0.0016951160471940616
2016-09-01,-0.0013369100892661372
2016-09-02,0.0003576626428539371
2016-09-06,0.0021620080035476123
2016-09-07,-0.005293961125808761
2016-09-08,-0.006201679578053827
2016-09-09,-0.023227634575382364
2016-09-12,0.02060817927329409
2016-09-13,-0.005947669538856715
2016-09-14,0.012418956972925128
2016-09-15,0.01543019564390973
2016-09-16,-0.0013843226069286398
2016-09-19,0.0029630071168290357
2016-09-20,-0.0007514727777946169
2016-09-21,0.01641114430472241
2016-09-22,0.005588247637562487
2016-09-23,-0.008525811464149359
2016-09-26,-0.021535069981740165
2016-09-27,0.018240998446910968
2016-09-28,-0.013823373217518753
2016-09-29,-0.016110652865525876
2016-09-30,0.005470741104569562
2016-10-03,0.006543531982303853
2016-10-04,0.005683661750895427
2016-10-05,0.01601128851757115
2016-10-06,-0.017356905532544056
2016-10-07,-0.00041641086501824007
2016-10-10,0.008935563281163825
2016-10-11,-0.026681276651426153
2016-10-12,-0.013689657718866552
2016-10-13,0.005708719627997895
2016-10-14,-0.0024280971769762025
2016-10-17,-0.0021620472500960687
2016-10-18,0.018073305404483993
2016-10-19,0.0006444278176046833
2016-10-20,0.009694051185452187
2016-10-21,-0.00029467420596122245
2016-10-24,0.006177924291143395
2016-10-25,-0.0126372864379371
2016-10-26,0.0004249425668334864
2016-10-27,-0.008634201976923382
2016-10-28,-6.487936592726733e-05
2016-10-31,0.0016708077790731348
2016-11-01,-0.0027128054644933175
2016-11-02,0.001941408073721835
2016-11-03,-0.011266652946563984
2016-11-04,0.006842951330122802
2016-11-07,0.02292647818519916
2016-11-08,0.005697866537620078
2016-11-09,0.0025968070617644803
2016-11-10,-0.006773109674409036
2016-11-11,0.012956062489798388
2016-11-14,0.009336516376392365
2016-11-15,0.010567620118372357
2016-11-16,0.010004471207928991
2016-11-17,0.01670084803629146
2016-11-18,-0.0006874947829487786
2016-11-21,0.010987855831289273
2016-11-22,0.005738336817882093
2016-11-23,0.004709648761933215
2016-11-25,0.0063093339543378165
2016-11-28,0.002937494067572434
2016-11-29,-0.0017243264696977891
2016-11-30,0.0020372188819644584
2016-12-01,-0.023548428270730615
2016-12-02,0.010075784459285747
2016-12-05,0.003529920203127557
2016-12-06,0.00941027524152356
2016-12-07,0.009922696452204274
2016-12-08,-0.012100332097547
2016-12-09,0.0005465562363108123
2016-12-12,-0.011269728586457207
2016-12-13,0.022084322747970547
2016-12-14,-0.00521500049617042
2016-12-15,0.0031691215703810735
2016-12-16,-0.007158224377103977
2016-12-19,0.00283421180770346
2016-12-20,0.004827643324380371
2016-12-21,0.0023117144471289587
2016-12-22,0.0015943125036577814
2016-12-23,0.00013188477982296713
2016-12-27,0.004819692123783374
2016-12-28,-0.006852873193844737
2016-12-29,-0.00047722716106379315
2016-12-30,-0.009058233979280243
2017-01-03,0.007713590172202522
2017-01-04,0.012913361207797232
2017-01-05,0.005287397380797386
2017-01-06,0.014723364928375265
2017-01-09,0.00670109123535266
2017-01-10,0.005546525311835663
2017-01-11,0.001618286943720849
2017-01-12,-0.0014356187485653656
2017-01-13,0.006801191447562921
2017-01-17,-0.0012680646882160264
2017-01-18,0.0005085759785420222
2017-01-19,-0.0023583620128823164
2017-01-20,0.001839019038097866
2017-01-23,-0.0012369513741297123
2017-01-24,0.0015191799704116096
2017-01-25,0.006831289670362157
2017-01-26,-0.007228164126657973
2017-01-27,0.0012950665972422514
2017-01-30,-0.004119751821645462
2017-01-31,0.012382521634261338
2017-02-01,0.010374411160890162
2017-02-02,-0.0147519787306777
2017-02-03,-0.002552488534577172
2017-02-06,0.01068044709960092
2017-02-07,0.0021478471307501794
2017-02-08,-0.005603284774958191
2017-02-09,0.00012840957746624486
2017-02-10,0.002110332662408472
2017-02-13,0.005863927982439805
2017-02-14,0.005310975694089923
2017-02-15,0.007051538292898936
2017-02-16,-0.013782422063028951
2017-02-17,0.001583985619107691
2017-02-21,0.015626582108893755
2017-02-22,-0.004397992487788441
2017-02-23,-0.011026900111078904
2017-02-24,0.005483249561057324
2017-02-27,0.0030811296526680465
2017-02-28,0.007212640811055465
2017-03-01,0.015583070123196492
2017-03-02,-0.003226004320892432
2017-03-03,0.008728684952033456
2017-03-06,-0.0013742331753849933
2017-03-07,-0.007412591328301946
2017-03-08,-0.0018210300983363323
2017-03-09,-0.007750025795918798
2017-03-10,-0.007948883166735443
2017-03-13,0.00701318602597053
2017-03-14,-0.002947736182486094
2017-03-15,0.008641602182593654
2017-03-16,0.0014179823421072175
2017-03-17,-0.00994482565722074
2017-03-20,0.0037645748863588194
2017-03-21,-0.02247470840885568
2017-03-22,0.015343351719477868
2017-03-23,0.008143467123539666
2017-03-24,0.01066272692560629
2017-03-27,0.010117817045442722
2017-03-28,-0.0021226563871742724
2017-03-29,0.004317935263054768
2017-03-30,0.005234223199900689
2017-03-31,-0.0024522820513361325
2017-04-03,-0.006857674339367431
2017-04-04,-0.008753277038361536
2017-04-05,-0.005879267894887783
2017-04-06,0.006536911352765976
2017-04-07,0.0036493934293924217
2017-04-10,-0.007165889614062655
2017-04-11,0.003713878926420008
2017-04-12,-0.0060298160740941565
2017-04-13,-0.0016380825254626943
2017-04-17,0.009993564618498938
2017-04-18,-0.0008895204083654825
2017-04-19,0.006029715948904956
2017-04-20,0.007356569267169873
2017-04-21,-0.005416486234582452
2017-04-24,0.01506064879017773
2017-04-25,0.012201956400868493
2017-04-26,0.009430794723143468
2017-04-27,-0.0015056014640062389
2017-04-28,-0.0027772656493544106
2017-05-01,0.01066544818328931
2017-05-02,0.0016325118420978581
2017-05-03,-0.001851298372188134
2017-05-04,0.0034671100086038614
2017-05-05,-0.004922218389163355
2017-05-08,-0.01446764491840147
2017-05-09,0.01335346390633613
2017-05-10,0.005431246373789651
2017-05-11,0.0035214205637034103
2017-05-12,-0.002048887391822413
2017-05-15,0.007607125490106498
2017-05-16,0.006248835381650091
2017-05-17,-0.02328807936748365
2017-05-18,0.007727992335168339
2017-05-19,0.01247654054085686
2017-05-22,0.008086261030074555
2017-05-23,0.004447573864193125
2017-05-24,0.00041250497049855257
2017-05-25,0.0013839715589683262
2017-05-26,0.0021985583313551523
2017-05-30,0.0019511891810710064
2017-05-31,0.0014368739781681827
2017-06-01,0.010689081297141802
2017-06-02,0.0031723732091933727
2017-06-05,-0.007546972480660598
2017-06-06,-0.004628881334277469
2017-06-07,-0.00046891972385365837
2017-06-08,0.009913725942593044
2017-06-09,-0.015093630538184223
2017-06-12,0.004971449759741679
2017-06-13,0.009862871628020988
2017-06-14,-0.00867365413178949
2017-06-15,-0.0033798957781760574
2017-06-16,-0.003917883101621544
2017-06-19,0.019926590332692562
2017-06-20,-0.0015439970214526132
2017-06-21,0.02457702709241999
2017-06-22,0.012268857825788437
2017-06-23,0.013774379165181644
2017-06-26,0.0012509323090051892
2017-06-27,-0.020967051221161787
2017-06-28,0.01314835503743858
2017-06-29,-0.019959539641755883
2017-06-30,-0.004005005115070036
2017-07-03,-0.003272838758198121
2017-07-05,0.002550316121386484
2017-07-06,-0.013109488244422061
2017-07-07,0.009888683257482305
2017-07-10,0.003906530679175475
2017-07-11,0.010608140273098702
2017-07-12,0.005470050789937803
2017-07-13,-0.003067524719518648
2017-07-14,0.010750235559011792
2017-07-17,-0.004063995661791076
2017-07-18,0.0034803055454271925
2017-07-19,0.006494019601057674
2017-07-20,0.0061742110118501205
2017-07-21,-0.0003875032875598786
2017-07-24,0.004973048633551746
2017-07-25,-0.0032501245641579895
2017-07-26,-0.001249136268290106
2017-07-27,-0.007560863112991161
2017-07-28,0.011453019280475709
2017-07-31,0.001776621078403459
2017-08-01,0.008830644227687446
2017-08-02,-0.003648594496244588
2017-08-03,0.012067554045113801
2017-08-04,0.0017271109623206212
2017-08-07,0.004394243511143021
2017-08-08,-0.008442140831688668
2017-08-09,0.00854176685856534
2017-08-10,-0.01957406887368937
2017-08-11,-0.002671441315227164
2017-08-14,0.016148609798010728
2017-08-15,-0.004421681312431442
2017-08-16,0.0026105612361953263
2017-08-17,-0.017893674380356543
2017-08-18,-0.0016310017255812207
2017-08-21,-0.00014349296134219666
2017-08-22,0.01781475560749939
2017-08-23,-0.008137382105177692
2017-08-24,0.000666786859419068
2017-08-25,-0.0001937948263980682
2017-08-28,0.0015433414467997133
2017-08-29,-0.0019374056975679514
2017-08-30,0.0044596077969779055
2017-08-31,0.004409071802143328
2017-09-01,-0.005957353319200214
2017-09-05,-0.007144117787152026
2017-09-06,0.003828579750022554
2017-09-07,-0.004109675445204567
2017-09-08,0.003734333822265303
2017-09-11,0.002203447203203037
2017-09-12,0.006452733920027777
2017-09-13,0.015285681985265382
2017-09-14,-0.005802992257002082
2017-09-15,0.009147556817352846
2017-09-18,-0.005276132985414526
2017-09-19,-0.0023397936531862626
2017-09-20,0.0019123384766996173
2017-09-21,0.0016255899399613054
2017-09-22,0.006552538886018426
2017-09-25,-0.005320532608387239
2017-09-26,-0.003710189899911281
2017-09-27,0.01590773568793599
2017-09-28,-0.0064597801181363376
2017-09-29,0.01075921293102149
2017-10-02,0.008469415946711396
2017-10-03,0.004720686281464909
2017-10-04,0.0026852600649648305
2017-10-05,0.0039036114382355776
2017-10-06,0.0003932177531985597
2017-10-09,-0.0014483039598742948
2017-10-10,0.006404531960521237
2017-10-11,-0.006597761621023183
2017-10-12,-0.00385950597822785
2017-10-13,0.004249386284598193
2017-10-16,-0.005221170575111945
2017-10-17,0.002598560617038849
2017-10-18,0.0053477888901071035
2017-10-19,-0.00893898757744627
2017-10-20,0.0034866094703876016
2017-10-23,-0.012364784944230389
2017-10-24,0.0012903859192020242
2017-10-25,-0.0068522161534994835
2017-10-26,0.019390605139649776
2017-10-27,-0.0004688650765909769
2017-10-30,-0.01266242972892639
2017-10-31,0.002190632499045075
2017-11-01,-0.010639999270138801
2017-11-02,0.009557285567474235
2017-11-03,-0.010877827661337871
2017-11-06,-0.0003533351261094707
2017-11-07,0.006355454803755118
2017-11-08,0.0014950086514429403
2017-11-09,-0.002528289517902794
2017-11-10,0.006058558281615897
2017-11-13,-0.0037191638435128765
2017-11-14,-0.003195411172888365
2017-11-15,0.003836111867051387
2017-11-16,0.01477748059882862
2017-11-17,-0.008052178449834694
2017-11-20,0.003129963154479962
2017-11-21,-0.00023388320589812477
2017-11-22,0.0022652387036217786
2017-11-24,0.005114967666108914
2017-11-27,-0.0035690287067469497
2017-11-28,0.003494204128850736
2017-11-29,-0.008018278931287946
2017-11-30,0.01386890139402384
2017-12-01,-0.006263455904784174
2017-12-04,0.004319587989223129
2017-12-05,-0.00889913785734832
2017-12-06,0.0008190431707575212
2017-12-07,-0.004739898503775937
2017-12-08,0.015530525399247486
2017-12-11,0.01101424317518701
2017-12-12,0.01604305123400642
2017-12-13,0.005938754313027007
2017-12-14,-0.0006548290780020072
2017-12-15,0.0157558146726475
2017-12-18,0.004967012068606293
2017-12-19,-0.0021376385172418616
2017-12-20,-0.0040626736573445964
2017-12-21,0.003944186081936348
2017-12-22,-0.008438005555654417
2017-12-26,-0.0014816632081588081
2017-12-27,-0.0017772783189431926
2017-12-28,0.006186564512646245
2017-12-29,-0.003153276549066984
2018-01-02,0.020088855076372054
2018-01-03,0.01543875229706787
2018-01-04,0.004887855384249738
2018-01-05,0.009245772814378755
2018-01-08,0.00405465834765436
2018-01-09,-0.0075452757386469385
2018-01-10,-0.005185474994794862
2018-01-11,0.014505930778029322
2018-01-12,0.01050240472779607
2018-01-16,0.006375393835396676
2018-01-17,0.005425912033647233
2018-01-18,0.0031244783102016664
2018-01-19,-0.007289168030551412
2018-01-22,0.014889074946189945
2018-01-23,0.005631864401074744
2018-01-24,-0.0023624527402835846
2018-01-25,-0.0032468335215250395
2018-01-26,0.010168048028056986
2018-01-29,-0.009808094465445992
2018-01-30,-0.014300872697201731
2018-01-31,-0.0020524999655991897
2018-02-01,-0.008486283640833423
2018-02-02,-0.02118049010925026
2018-02-05,-0.03
2018-02-06,0.012968862445463624
2018-02-07,-0.00378486296307846
2018-02-08,-0.02393983838756179
2018-02-09,0.01811815488752552
2018-02-12,0.01801216548077751
2018-02-13,0.005797623908508163
2018-02-14,0.02382755643698687
2018-02-15,0.019525042966184982
2018-02-16,-0.005860594412681653
2018-02-20,0.007626328045185331
2018-02-21,4.942762943448533e-05
2018-02-22,0.0054107268310490085
2018-02-23,0.013301209226446165
2018-02-26,0.009744294963329727
2018-02-27,-0.002613854492066786
2018-02-28,-0.010791741735383192
2018-03-01,-0.025226834626934255
2018-03-02,0.019290012436883937
2018-03-05,0.014335407115053812
2018-03-06,0.01278140326537347
2018-03-07,0.0080287440020542
2018-03-08,0.011194969267501572
2018-03-09,0.015430784122830646
2018-03-12,0.015767490488617576
2018-03-13,-0.015232439915987729
2018-03-14,0.0015596218021235095
2018-03-15,-0.0022914405588734445
2018-03-16,0.0019748538951795585
2018-03-19,-0.0145348100603013
2018-03-20,0.009547748209283153
2018-03-21,-0.005209730920556928
2018-03-22,-0.026731834880728188
2018-03-23,-0.026000216684706024
2018-03-26,0.026312231221883853
2018-03-27,-0.023796013218912067
2018-03-28,-0.013765074291256871
2018-03-29,0.02914152993803627
2018-04-02,-0.022729877421789314
2018-04-03,0.007970699993214167
2018-04-04,0.015776236811399794
2018-04-05,-0.002558111474867336
2018-04-06,-0.02474824426312444
2018-04-09,0.006048525887725289
2018-04-10,0.024009110759345132
2018-04-11,-0.007599588673045443
2018-04-12,0.020420609493866433
2018-04-13,-0.0036250498160055582
2018-04-16,0.014109682350166446
2018-04-17,0.017124466350606854
2018-04-18,-0.0033894949496388535
2018-04-19,-0.018173448588302537
2018-04-20,-0.00564065400188782
2018-04-23,-0.0056531455283394825
2018-04-24,-0.01474545034041294
2018-04-25,-0.0034826736818750377
2018-04-26,0.012340270818398127
2018-04-27,-0.00542921191529828
2018-04-30,-0.005246237123606031
2018-05-01,0.004306441652918647
2018-05-02,-0.0050728464489324925
2018-05-03,0.011543237656495502
2018-05-04,0.012689129954902567
2018-05-07,-0.0018208411150925606
2018-05-08,0.0008990781319729983
2018-05-09,0.01814437359984114
2018-05-10,0.008021809726538527
2018-05-11,-0.0004309672962379812
2018-05-14,0.0010111290025471538
2018-05-15,-0.005996367164841308
2018-05-16,0.009586457714223815
2018-05-17,-0.0030443242002554842
2018-05-18,-0.004240697421239168
2018-05-21,0.003701762429376712
2018-05-22,-0.001019684932328266
2018-05-23,0.004516822922338913
2018-05-24,0.0004308475764000423
2018-05-25,-0.005614533147376992
2018-05-29,-0.01275738075026636
2018-05-30,0.006038950928121336
2018-05-31,-0.003361784175204448
2018-06-01,0.010492247680251757
2018-06-04,0.007256850289314897
2018-06-05,0.002487436367428768
2018-06-06,0.010438470201415112
2018-06-07,-0.0048851474128572105
2018-06-08,0.006039386966798711
2018-06-11,0.0051203049046285865
2018-06-12,0.011665354311832968
2018-06-13,0.006378806799786593
2018-06-14,0.020555542103581913
2018-06-15,0.0020573403098228926
2018-06-18,-0.009038676460635756
2018-06-19,-0.0005619929345787394
2018-06-20,0.018192992421423533
2018-06-21,-0.005738503827916895
2018-06-22,0.0029634580863946566
2018-06-25,-0.015761149689952646
2018-06-26,-0.0055911080705278214
2018-06-27,-0.01919965724803864
2018-06-28,0.001154615165590062
2018-06-29,0.0025305631754733385
2018-07-02,0.014773550962348218
2018-07-03,-0.006910709483510364
2018-07-05,0.01857899333599996
2018-07-06,0.014284836569230202
2018-07-09,0.003580463241666292
2018-07-10,-0.005005751188268227
2018-07-11,-0.014049543829003277
2018-07-12,0.01653094134140991
2018-07-13,0.004369431240894804
2018-07-16,-0.01045348409149321
2018-07-17,0.009015622427390936
2018-07-18,-0.00012542133340493963
2018-07-19,-0.008044000726152306
2018-07-20,-0.004812872949447969
2018-07-23,0.0017394819127112156
2018-07-24,-0.001109641215235089
2018-07-25,0.011515242560959708
2018-07-26,0.0023615154928521565
2018-07-27,-0.015521492797153185
2018-07-30,-0.007800918122782893
2018-07-31,0.002324713803770617
2018-08-01,-0.004559536456279142
2018-08-02,0.005118923752670238
2018-08-03,0.005458911790802393
2018-08-06,0.0034768357685884405
2018-08-07,0.004570530869288404
2018-08-08,0.004042791322383219
2018-08-09,-0.012979941655406769
2018-08-10,-0.003109916477417379
2018-08-13,-0.009911495290877271
2018-08-14,0.012056827093967954
2018-08-15,-0.004100194509139315
2018-08-16,0.0028515329371657716
2018-08-17,0.0002511140398422148
2018-08-20,0.006588539331529668
2018-08-21,0.0033806971817282117
2018-08-22,0.004870716217359091
2018-08-23,0.00016232071351622536
2018-08-24,0.004567502842774255
2018-08-27,0.001378282242220448
2018-08-28,-0.0006194486773963459
2018-08-29,-0.003538604531824818
2018-08-30,-0.008954892028915721
2018-08-31,-0.00046497999788598524
2018-09-04,-0.011007522407631226
2018-09-05,-0.009644186384815893
2018-09-06,-0.007827382228710524
2018-09-07,-0.010314643056724013
2018-09-10,0.00023353521008500017
2018-09-11,-0.006189302160710888
2018-09-12,-0.004068305393066497
2018-09-13,0.015390205403235964
2018-09-14,0.002668715493110497
2018-09-17,-0.016351722101464506
2018-09-18,0.006095273933321847
2018-09-19,0.007961834879004577
2018-09-20,0.01925066008231901
2018-09-21,0.0013354558329105985
2018-09-24,0.002484348840925044
2018-09-25,-0.0032043912276069073
2018-09-26,0.002871972552865321
2018-09-27,0.003962930013471928
2018-09-28,0.0026115700483322
2018-10-01,-0.004429439507842761
2018-10-02,-8.193641969519647e-05
2018-10-03,0.004100250930825205
2018-10-04,-0.01198591796946005
2018-10-05,-0.009147264065510901
2018-10-08,-0.00764942029822727
2018-10-09,-0.00830322795292077
2018-10-10,-0.024015182015719207
2018-10-11,-0.004804491020757252
2018-10-12,0.017117051007561838
2018-10-15,-0.0004975145675721362
2018-10-16,0.01811959831507401
2018-10-17,-0.0005051554546383846
2018-10-18,-0.01147678996460688
2018-10-19,-0.0027776950617597273
2018-10-22,0.0012287767764047335
2018-10-23,-0.0027296747164916447
2018-10-24,-0.02651290823728202
2018-10-25,0.015205803517747089
2018-10-26,-0.0018174419739721637
2018-10-29,0.0004907418973158408
2018-10-30,0.0058167560479950135
2018-10-31,0.007159477681513394
2018-11-01,0.022835999970140346
2018-11-02,-0.002832893094804137
2018-11-05,0.0012084426750185685
2018-11-06,0.008574760224744848
2018-11-07,0.00813336461827325
2018-11-08,-0.003713646014073113
2018-11-09,-0.0005736048081683891
2018-11-12,-0.01005512974916143
2018-11-13,0.001601954453598403
2018-11-14,0.004110429215046803
2018-11-15,0.00931764704159297
2018-11-16,-0.0008241827307851938
2018-11-19,0.006066707055003447
2018-11-20,-0.01048668999617557
2018-11-21,0.00916017684196048
2018-11-23,-0.002902436595812984
2018-11-26,0.013245232485389296
2018-11-27,-0.003229166388529024
2018-11-28,0.01594650383570495
2018-11-29,0.0042106881653310845
2018-11-30,0.006758450966935534
2018-12-03,0.021923589655064576
2018-12-04,-0.027619919588110727
2018-12-06,0.012372420134747082
2018-12-07,-0.02597276314403694
2018-12-10,0.007130983759257451
2018-12-11,-0.0029769290321975195
2018-12-12,0.015108802195155695
2018-12-13,-0.0029000129190285334
2018-12-14,-0.009670631354339501
2018-12-17,-0.017800562708379555
2018-12-18,-0.00046958201577957086
2018-12-19,-0.01577992035038752
2018-12-20,-0.012446149985603689
2018-12-21,-0.02580957422508932
2018-12-24,-0.011721236183472787
2018-12-26,0.03
2018-12-27,0.00614061196050182
2018-12-28,0.008620087637321524
2018-12-31,0.0038219405744351863
2019-01-02,0.002609666882974243
2019-01-03,-0.027354326300103773
2019-01-04,0.029999999999999992
2019-01-07,0.02353721806352705
2019-01-08,0.002861715032052961
2019-01-09,0.010487007553934877
2019-01-10,0.01587805242165742
2019-01-11,-0.0002121475700789936
2019-01-14,-0.018832187253682686
2019-01-15,0.014675565698294025
2019-01-16,0.0024980414364539245
2019-01-17,0.005389375019608244
2019-01-18,0.016704959635660096
2019-01-22,-0.01717677574901346
2019-01-23,-0.010975372925536001
2019-01-24,0.016767614346873357
2019-01-25,0.015831769117940844
2019-01-28,-0.012973891027530313
2019-01-29,-0.014011876026935582
2019-01-30,0.014056151029707293
2019-01-31,0.013882634202068592
2019-02-01,0.011732747653243322
2019-02-04,-0.003313061355242169
2019-02-05,0.012583401837125916
2019-02-06,0.011579294331628163
2019-02-07,-0.025317561489013575
2019-02-08,0.005218412518023987
2019-02-11,0.007268569134847152
2019-02-12,0.020307070373135495
2019-02-13,4.880262837359721e-05
2019-02-14,-0.009748510445798086
2019-02-15,0.0011154387051292858
2019-02-19,0.01725239104483621
2019-02-20,-0.0012142749761122834
2019-02-21,-0.01064478547618557
2019-02-22,0.017963799942743833
2019-02-25,-0.0024696662292725425
2019-02-26,-0.000281314463496721
2019-02-27,-0.004014487714600065
2019-02-28,0.004406365408953904
2019-03-01,0.011083716514649126
2019-03-04,-0.01144642713991729
2019-03-05,-0.0030458938634367926
2019-03-06,-0.00348314224537102
2019-03-07,-0.008436092523467201
2019-03-08,-0.001185806526958284
2019-03-11,0.02062197184529387
2019-03-12,-0.00010579583746208828
2019-03-13,0.011279292207376517
2019-03-14,-0.0038683041565780517
2019-03-15,0.019876589976594753
2019-03-18,-0.0032616924019294963
2019-03-19,0.0037843337110293122
2019-03-20,-0.004801986307016516
2019-03-21,0.0216280792410469
2019-03-22,-0.023041100428615652
2019-03-25,-0.0036051133855654603
2019-03-26,0.006121545481435462
2019-03-27,-0.009033399835006138
2019-03-28,0.002036836483865924
2019-03-29,0.018376172297011602
2019-04-01,0.019744521911446742
2019-04-02,0.0025651713252564648
2019-04-03,0.008750085847405381
2019-04-04,-0.0005436098802008564
2019-04-05,0.009185998820796987
2019-04-08,-0.00539690124500051
2019-04-09,-0.010549742786439205
2019-04-10,0.00011121741828005322
2019-04-11,-0.010715517238719555
2019-04-12,0.00619613060746797
2019-04-15,-0.005449310034389121
2019-04-16,0.009138220454090152
2019-04-17,-0.007829845313112656
2019-04-18,0.0066481023351007106
2019-04-22,0.0009920805544832284
2019-04-23,0.009655801071079896
2019-04-24,0.014099375141005569
2019-04-25,-0.008734940577031943
2019-04-26,0.0038747899710624614
2019-04-29,-0.00022185276622310084
2019-04-30,-0.0030590373503058084
2019-05-01,0.002722750990207826
2019-05-02,-0.000748816795135495
2019-05-03,0.007504541741549214
2019-05-06,-0.0035946776994000003
2019-05-07,-0.01660123676953102
2019-05-08,0.00057885960676667
2019-05-09,0.0016765334311231402
2019-05-10,0.0075229890724159134
2019-05-13,-0.022635570703550448
2019-05-14,0.010551546127328676
2019-05-15,-0.00022153949256862324
2019-05-16,0.013193947617072573
2019-05-17,-0.004458702910740909
2019-05-20,-0.00261428759609654
2019-05-21,0.0050637580532197895
2019-05-22,-0.009330108071929327
2019-05-23,-0.006738144741674607
2019-05-24,-0.0026992220014431037
2019-05-28,-0.01660543879300918
2019-05-29,-0.00269574076066014
2019-05-30,0.0012993403214464645
2019-05-31,-0.011586486454111915
2019-06-03,-0.004010717814601623
2019-06-04,0.019761236485349058
2019-06-05,-0.012586680615057457
2019-06-06,0.007147190079118572
2019-06-07,0.004982757947370846
2019-06-10,0.01963223907078833
2019-06-11,-0.0005425930010784321
2019-06-12,-0.0037413708693376495
2019-06-13,0.01204763697995306
2019-06-14,-0.01454094292686605
2019-06-17,0.005860767059496182
2019-06-18,0.018815530813487785
2019-06-19,0.00427712688929109
2019-06-20,0.007611703997562113
2019-06-21,-0.010451900937467812
2019-06-24,-0.005754339578495674
2019-06-25,-0.008687802592295707
2019-06-26,0.0075475363607075165
2019-06-27,0.011179855902039666
2019-06-28,-0.0009039258695711279
2019-07-01,0.017146477185031844
2019-07-02,-0.0030653035082975413
2019-07-03,0.006791074926429087
2019-07-05,-0.004912318204309544
2019-07-08,-0.016625981590662017
2019-07-09,0.01113129052961679
2019-07-10,-0.003742810057112867
2019-07-11,0.003215735234230628
2019-07-12,0.01408753266139787
2019-07-15,0.002938772275464001
2019-07-16,-0.018934933616353743
2019-07-17,-0.0060799563128106785
2019-07-18,0.010143716874199063
2019-07-19,-0.007674314279608692
2019-07-22,0.012659894880922064
2019-07-23,0.010505332333130335
2019-07-24,0.027856051780314462
2019-07-25,-0.014047513730822608
2019-07-26,0.0048844824325386185
2019-07-29,0.008192857502877774
2019-07-30,4.844004073201527e-05
2019-07-31,-0.016536510751607815
2019-08-01,-0.016989512498881764
2019-08-02,-0.01653784483631436
2019-08-05,-0.027199962366882352
2019-08-06,0.0028937444105157427
2019-08-07,0.007486377585251735
2019-08-08,0.015399741793191521
2019-08-09,-0.009469081300744833
2019-08-12,-0.005598841148570023
2019-08-13,0.018398328694225717
2019-08-14,-0.027169566274631806
2019-08-15,-0.004364722100104215
2019-08-16,0.015020205483791196
2019-08-19,0.014194827896513381
2019-08-20,-0.006486050400056314
2019-08-21,0.003593751662430526
2019-08-22,-0.0030052415960493593
2019-08-23,-0.023465540899796133
2019-08-26,0.018162356595221377
2019-08-27,-0.006061624829390575
2019-08-28,-0.0022147816780797606
2019-08-29,0.01210749965641022
2019-08-30,0.0012173836075275767
2019-09-03,-0.009397157174678948
2019-09-04,0.008991989472146888
2019-09-05,0.016522385272334208
2019-09-06,0.0028454386505858227
2019-09-09,-0.0012270625568565998
2019-09-10,0.005110885370660568
2019-09-11,0.010020118724518221
2019-09-12,-0.00588826729152989
2019-09-13,-0.002321030836425308
2019-09-16,-0.0038008140880025315
2019-09-17,-0.009652903849924637
2019-09-18,-0.006453964008387085
2019-09-19,0.0001997650171111547
2019-09-20,-0.0056560027259862835
2019-09-23,-0.005241325180717754
2019-09-24,-0.01764939554587682
2019-09-25,0.01189163678375848
2019-09-26,-0.005195212564571934
2019-09-27,-0.010870364250467186
2019-09-30,0.01057869282528609
2019-10-01,-0.015965980016033346
2019-10-02,-0.01083889808854709
2019-10-03,0.009668629831024716
2019-10-04,0.009171311509155606
2019-10-07,-0.0038248863462334694
2019-10-08,-0.013365632690503669
2019-10-09,0.012053733511232479
2019-10-10,0.013081048440455849
2019-10-11,0.022339016460416198
2019-10-14,-0.0008154567987911262
2019-10-15,0.009886599294642183
2019-10-16,-0.0007606727735936037
2019-10-17,0.005708551637696002
2019-10-18,-0.002907290719606847
2019-10-21,-0.00017203631186840673
2019-10-22,0.0032838476146756423
2019-10-23,0.00015704288575860755
2019-10-24,0.004671998401191575
2019-10-25,-0.0005950426941708341
2019-10-28,0.008148256698735062
2019-10-29,-0.007384140195294141
2019-10-30,0.0010314799268910922
2019-10-31,-0.013298534842803694
2019-11-01,0.00825624762755929
2019-11-04,0.007134260284933944
2019-11-05,3.307609857823075e-05
2019-11-06,-0.004561890274179553
2019-11-07,-0.00666993249118177
2019-11-08,0.0009262829386118495
2019-11-11,0.0018217184646181954
2019-11-12,0.003473541436830663
2019-11-13,-0.0012550333176659784
2019-11-14,0.003837036768473038
2019-11-15,0.008435947319178384
2019-11-18,0.003951395259344013
2019-11-19,0.00021165751216495245
2019-11-20,-0.002584911976335694
2019-11-21,-0.00865065895135657
2019-11-22,-0.006282697939101569
2019-11-25,0.023633502588625635
2019-11-26,-0.014975823748745407
2019-11-27,0.015208081626653054
2019-11-29,-0.0021399555223991606
2019-12-02,-0.004193102491071579
2019-12-03,-0.005011847979224283
2019-12-04,0.010013737515333878
2019-12-05,-0.006941704471843205
2019-12-06,0.008163021210278567
2019-12-09,-0.006383185868827959
2019-12-10,0.010267555743756599
2019-12-11,-0.0001393125932526827
2019-12-12,0.02236155891900233
2019-12-13,-0.010626361203065048
2019-12-16,0.023274073687935975
2019-12-17,0.0017592880717672043
2019-12-18,0.009555136261691436
2019-12-19,0.01308624508524143
2019-12-20,0.0036146675276042687
2019-12-23,0.006123355840342756
2019-12-24,0.004829190089486017
2019-12-26,0.00042229882707484566
2019-12-27,-0.009683314003430626
2019-12-30,-0.010583223897989498
2019-12-31,0.007154287197503612
2020-01-02,0.010286639474692329
2020-01-03,0.0046761431993087065
2020-01-06,0.0020122683111907236
2020-01-07,0.0011652794216038247
2020-01-08,0.013365712057769841
2020-01-09,-0.0003377897365541209
2020-01-10,-0.004650399803388014
2020-01-13,0.01501124706017807
2020-01-14,0.00983781806734894
2020-01-15,-0.007571976762437741
2020-01-16,0.006897752651643227
2020-01-17,-0.0033886501345837803
2020-01-21,0.008079276018960968
2020-01-22,-0.005644743064121636
2020-01-23,0.013408885261604605
2020-01-24,-0.01029199715863151
2020-01-27,-0.017029537505433828
2020-01-28,0.008740373803569033
2020-01-29,-0.012999702315860956
2020-01-30,0.006985592431610083
2020-01-31,-0.0244134443729982
2020-02-03,0.007908868384344786
2020-02-04,0.02680490510595198
2020-02-05,0.008462435966263672
2020-02-06,0.0005459295622185131
2020-02-07,-0.011672445433232512
2020-02-10,0.003935524361376615
2020-02-11,0.015999363528841137
2020-02-12,0.012409160160901423
2020-02-13,-0.010711652718388243
2020-02-14,-0.005032487578698651
2020-02-18,-0.007941399397754878
2020-02-19,0.014819127464927319
2020-02-20,-0.003647818798177547
2020-02-21,-0.01667140709238112
2020-02-24,-0.028699054855943228
2020-02-25,-0.017763222159480983
2020-02-26,-0.011101537786422595
2020-02-27,-0.027162087603262886
2020-02-28,-0.010302411309026205
2020-03-02,0.022379715568562126
2020-03-03,-0.023048944570710213
2020-03-04,0.025710925569801
2020-03-05,-0.026200710807943943
2020-03-06,-0.015386611255150378
2020-03-09,-0.029999999999999992
2020-03-10,0.029027195667411916
2020-03-11,-0.028901521229264843
2020-03-12,-0.029999999999999992
2020-03-13,0.025292393229659045
2020-03-16,-0.02115412049817649
2020-03-17,0.013702295094401145
2020-03-18,-0.028828215223541568
2020-03-19,0.0063213432784441186
2020-03-20,-0.012154837395769922
2020-03-23,-0.015493088733800689
2020-03-24,0.02500962787309117
2020-03-25,2.326356560554757e-05
2020-03-26,0.018856833374005576
2020-03-27,-0.019544360835739558
2020-03-30,0.004117228626515624
2020-03-31,-0.009942186494628604
2020-04-01,-0.029999999999999995
2020-04-02,-0.0002138716647216779
2020-04-03,-0.002580205078823162
2020-04-06,0.029999999999999995
2020-04-07,0.019841002187527056
2020-04-08,0.02185224066799762
2020-04-09,0.009724272460311194
2020-04-13,-0.0047530107617246055
2020-04-14,0.019850387692037494
2020-04-15,-0.010433006821997829
2020-04-16,0.011265941386269938
2020-04-17,0.018604083315728517
2020-04-20,-0.011006629653676237
2020-04-21,-0.01791030362405944
2020-04-22,0.015729296100224183
2020-04-23,0.0018763295171431783
2020-04-24,0.017763444594802304
2020-04-27,0.011593477455907863
2020-04-28,-0.0008119003426509523
2020-04-29,0.022511554936073635
2020-04-30,-0.028130670794863623
2020-05-01,-0.015906094040667396
2020-05-04,-0.006465302596029924
2020-05-05,0.016404241807750304
2020-05-06,0.01006550901846438
2020-05-07,0.017323882952695106
2020-05-08,0.01238083219864743
2020-05-11,-0.01077890861233879
2020-05-12,-0.023647055699109337
2020-05-13,-0.019199578882336032
2020-05-14,0.015412589723641797
2020-05-15,-0.012239804086722261
2020-05-18,0.028976136392398474
2020-05-19,-0.006675602312751627
2020-05-20,0.024544737682075816
2020-05-21,-0.00851473598921311
2020-05-22,0.0012414170270645397
2020-05-26,0.018096920209376657
2020-05-27,0.008789621218625872
2020-05-28,-0.010916241408115023
2020-05-29,0.016151659090453872
2020-06-01,-0.011199389698760278
2020-06-02,0.00789525064368313
2020-06-03,0.01893003275571032
2020-06-04,-0.003616264310794876
2020-06-05,0.017942337377131048
2020-06-08,0.008701020268869672
2020-06-09,-0.010700194732962732
2020-06-10,0.001832847626706834
2020-06-11,-0.03
2020-06-12,0.012085144333113718
2020-06-15,0.013678226164398791
2020-06-16,0.009831965895805124
2020-06-17,0.0013937286183865276
2020-06-18,0.004685001912289291
2020-06-19,-0.0021551472078813316
2020-06-22,-0.0008032110285800722
2020-06-23,-0.0003139184905458902
2020-06-24,-0.015442950213457055
2020-06-25,0.008075703249836561
2020-06-26,-0.015219323699882166
2020-06-29,0.020480819290530153
2020-06-30,0.017140459903380326
2020-07-01,-0.0042688690218908535
2020-07-02,0.009855214252755314
2020-07-06,0.023247505388080254
2020-07-07,0.0015510730677451455
2020-07-08,0.0072363181773175585
2020-07-09,0.01697137623959008
2020-07-10,0.004508884750514493
2020-07-13,-0.013190117042090221
2020-07-14,0.017154674617284545
2020-07-15,0.0057999923995801245
2020-07-16,-0.005410390272050289
2020-07-17,0.002306484477311738
2020-07-20,0.011536070999593523
2020-07-21,0.000436633006328995
2020-07-22,0.0008516418493230335
2020-07-23,-0.00889740444607745
2020-07-24,-0.01280072563012084
2020-07-27,0.015421629814355844
2020-07-28,-0.01352701459409316
2020-07-29,-0.003898042648133851
2020-07-30,0.0006315808190807803
2020-07-31,-0.0006179526328486384
2020-08-03,-0.009660365937615321
2020-08-04,0.001501900032625078
2020-08-05,0.0023521917242833867
2020-08-06,-0.011415649109829219
2020-08-07,-0.0036263610625945617
2020-08-10,-0.008466371221867212
2020-08-11,-0.006584257076798938
2020-08-12,0.005945967066979481
2020-08-13,0.017233336005283872
2020-08-14,0.0012508746344331205
2020-08-17,0.00972773553539297
2020-08-18,0.003332909458144743
2020-08-19,0.0046964092356071825
2020-08-20,-0.0008858638122986949
2020-08-21,-0.00765468542002614
2020-08-24,-0.006140896021555781
2020-08-25,0.005854651525251716
2020-08-26,0.018375821351506623
2020-08-27,0.004684737936881824
2020-08-28,0.012698699840036805
2020-08-31,-0.010029071495034986
2020-09-01,0.00659412095190718
2020-09-02,0.014210677579469377
2020-09-03,-0.019376581619286924
2020-09-04,-0.008003598686655344
2020-09-08,-0.019775270658973106
2020-09-09,0.0043345558615750165
2020-09-10,-0.019002861865306
2020-09-11,-0.009337763177174246
2020-09-14,0.014391236113932733
2020-09-15,0.013536536799975168
2020-09-16,-0.0005341928102784168
2020-09-17,-0.015350842716555634
2020-09-18,-0.01848445703135047
2020-09-21,-0.008012063948230074
2020-09-22,0.017066744603184206
2020-09-23,-0.024598436978596434
2020-09-24,0.001447396155489775
2020-09-25,0.020024002065465996
2020-09-28,0.011588902649804238
2020-09-29,-0.005482365389489919
2020-09-30,0.0065906436066860506
2020-10-01,0.004108906569169413
2020-10-02,-0.016124242687225825
2020-10-05,0.00761357843755962
2020-10-06,-0.002625681121269278
2020-10-07,0.017066300091991046
2020-10-08,0.0059768397431417064
2020-10-09,0.0011505798621672565
2020-10-12,0.01605720289117326
2020-10-13,-0.007021465424883109
2020-10-14,-0.00654912540403158
2020-10-15,0.0028234666572914597
2020-10-16,0.008238936427249153
2020-10-19,-0.012602710520381732
2020-10-20,-0.0025269189223701767
2020-10-21,-0.0004363310651250398
2020-10-22,0.00975955292993239
2020-10-23,0.010837731466070429
2020-10-26,-0.01949098514535697
2020-10-27,0.00935625183973219
2020-10-28,-0.024297314478358083
2020-10-29,0.014945860329421693
2020-10-30,-0.030000000000000002
2020-11-02,0.014929810539466863
2020-11-03,0.019186665305728465
2020-11-04,0.02381154506320602
2020-11-05,0.01694758305002205
2020-11-06,0.0027480706957480564
2020-11-09,-0.018387327210358347
2020-11-10,-0.005915062660138137
2020-11-11,0.028015541998806407
2020-11-12,-0.0075723545108233505
2020-11-13,-0.0004996113063868513
2020-11-16,0.012782653509793435
2020-11-17,0.0047760541656673185
2020-11-18,-0.0032597320128802234
2020-11-19,0.020896113148955887
2020-11-20,0.0025945793143724795
2020-11-23,0.010017291790720681
2020-11-24,0.0004012754429911171
2020-11-25,-0.013673202293246964
2020-11-27,0.01947929596947746
2020-11-30,0.0039884029781714885
2020-12-01,0.01572838068987542
2020-12-02,0.0012516407102389398
2020-12-03,0.01181578753538361
2020-12-04,0.008371503104688375
2020-12-07,-0.00506668782671407
2020-12-08,0.0033317056772320997
2020-12-09,-0.01893645792452575
2020-12-10,0.001091246722326337
2020-12-11,-0.0022378971554033204
2020-12-14,0.006253333975798157
2020-12-15,0.01792341690107407
2020-12-16,0.01172174828590033
2020-12-17,0.006518665091432076
2020-12-18,0.007124996339575286
2020-12-21,-0.0027631864070250156
2020-12-22,0.01990891863542449
2020-12-23,-0.001057756831030281
2020-12-24,0.00539013414963458
2020-12-28,-0.0026170757022412616
2020-12-29,0.006534462651649654
2020-12-30,0.005557173451883546
2020-12-31,0.002433122726473528
2021-01-04,-0.006485467559313038
2021-01-05,0.011654027224501968
2021-01-06,-0.0058989834839437314
2021-01-07,0.019773305773521568
2021-01-08,0.00199710783239328
2021-01-11,-0.0024174509139890726
2021-01-12,-0.007512466036227715
2021-01-13,0.01128331695761063
2021-01-14,-0.0064579927581275174
2021-01-15,-0.017487276936703718
2021-01-19,0.00039286096880602
2021-01-20,0.016236980720299603
2021-01-21,0.000504764791831148
2021-01-22,-0.0018277820846811154
2021-01-25,0.019349109143740016
2021-01-26,0.010662348059063211
2021-01-27,-0.005456741825300176
2021-01-28,0.011653558733881433
2021-01-29,-0.013574244593603565
2021-02-01,0.027844682855784984
2021-02-02,0.02805992699842976
2021-02-03,-0.008171776036265557
2021-02-04,0.015935035504001605
2021-02-05,0.005350720412941296
2021-02-08,0.015330984277008908
2021-02-09,0.008162135350529771
2021-02-10,-0.00940487005586808
2021-02-11,0.009931266448088026
2021-02-12,0.008987644993709012
2021-02-16,-0.0003154090774783137
2021-02-17,-0.00679103485643977
2021-02-18,-0.0014428413769463438
2021-02-19,0.007215734794534164
2021-02-22,-0.022585718116148488
2021-02-23,-0.019612356809062283
2021-02-24,0.011218360674689148
2021-02-25,-0.030000000000000002
2021-02-26,-0.008214134820151191
2021-03-30,-0.0011044495906098995
2021-03-31,0.016872463725161723
2021-04-01,0.02390950007423478
2021-04-05,0.018720091754245778
2021-04-06,-0.003039763466062688
2021-04-07,-0.007393465884521137
2021-04-08,0.012832817943099007
2021-04-09,0.001776158844975729
2021-04-12,-0.0007883350643295988
2021-04-13,0.0027157960639008173
2021-04-14,-0.0041412715337467675
2021-04-15,0.014375052602875813
2021-04-16,0.005852239759654926
2021-04-19,-0.016493003101025742
2021-04-20,-0.008801335578660124
2021-04-21,0.013245292735145861
2021-04-22,-0.001777389413075741
2021-04-23,0.019063106486324637
2021-04-26,-0.0016411009479873444
2021-04-27,-0.0016852972429983897
2021-04-28,-0.005471457634193412
2021-11-26,-0.017961685221683794
2021-11-29,0.019530347136964738
2021-11-30,-0.02203335231134272
2021-12-01,-0.012899822110150358
2021-12-02,0.016848940894483147
2021-12-03,-0.0005951743974659477
2021-12-06,0.009102731328289823
2021-12-07,0.017437531503937526
2021-12-08,-0.006759502667487687
2021-12-09,-0.007787768778828256
2021-12-10,0.009779281065886481
2021-12-13,-0.007040568822376695
2021-12-14,-0.009808964315612085
2021-12-15,0.016133909204698503
2021-12-16,-0.006506126841183069
2021-12-17,-0.00477551229640551
2021-12-20,-0.005340176058898063
2021-12-21,0.01291443991803037
2021-12-22,0.009406415172766107
2021-12-23,0.008486921271022033
2021-12-27,0.008703752455792253
2022-04-28,0.023912915220751667
2022-04-29,-0.023030329782556095
2022-05-02,0.016715288886003973
2022-05-03,0.0016363917200942163
2022-05-04,0.025939844993527035
2022-05-05,-0.026471460234503256
2022-05-06,-0.015034182726725374
2022-05-09,-0.029787989657483346
2022-05-10,0.009369853215321678
2022-05-11,-0.015481127513055413
2022-05-12,0.0015979674729162778
2022-05-13,0.028447702615813843
2022-05-16,-0.0038628535916697578
2022-05-17,0.026084203090564247
2022-05-18,-0.02442637626097541
2022-05-19,0.00012097830766119718
2022-05-20,-0.008790190577308558
2022-05-23,0.0007673823957944073
2022-05-24,-0.011323402900935536
2022-05-25,0.022554372112881117
2022-05-26,0.029143959486406783
2022-05-27,0.021904553410129503
2022-05-31,0.009670392231324371
2022-06-01,-0.009603775781448737
2022-06-02,0.03
2022-06-03,-0.019426542600648737
2022-06-06,0.011688136186790068
2022-06-07,0.019207582314872258
2022-06-08,0.021957669375016985
2022-06-09,-0.026496738381382827
2022-06-10,-0.014711272454338876
2022-06-13,-0.03
2022-06-14,0.016804147727018284
2022-06-15,0.02393263304432875
2022-06-16,-0.02916899717950388
2022-06-17,0.018792344372530786
2022-06-21,0.007153477192574571
2022-06-22,-0.005797977930306725
2022-06-23,0.016141616592355103
2022-06-24,0.029591820786984763
2022-06-27,0.0013028558043445661
2022-06-28,-0.02311487980408973
2022-06-29,-0.011680700149304649
2022-06-30,-0.011693153895485066
2022-07-01,0.012057135092681638
2022-07-05,0.012924650661331052
2022-07-06,0.004143163454894282
2022-07-07,0.008110537475974917
2022-07-08,0.0017632454611279996
2022-07-11,-0.02655727498877896
2022-07-12,0.007803117578530168
2022-07-13,0.002840108422920007
2022-07-14,0.0023579281936385657
2022-07-15,0.0060347391981088625
2022-07-18,-0.004432358245713109
2022-07-19,0.0188352423867644
2022-07-20,0.01904671719594485
2022-07-21,0.01308393721889953
2022-07-22,-0.023034812871791
2022-07-25,-0.010690129188042068
2022-07-26,-0.014615620502669145
2022-07-27,0.011746789386482728
2022-07-28,-0.005916198180113336
2022-09-28,0.019555365320400538
2022-09-29,-0.025350382816727787
2022-09-30,-0.012235317254232735
2022-10-03,0.00461164108097428
2022-10-04,0.029099142328481563
2022-10-05,-0.009333298358990664
2022-10-06,-0.013237761184235466
2022-10-07,-0.029126596498305252
2022-10-10,-0.01360133340484378
2022-10-11,-0.020633045366283513
2022-10-12,0.010238860120538642
2022-10-13,0.01778222790882754
2022-10-14,-0.02738647305298579
2022-10-17,0.02747932460869497
2022-10-18,0.006278423997801523
2022-10-19,-0.005230513654916842
2022-10-20,0.00010400711545540797
2022-10-21,0.027318954427769153
2022-10-24,-0.005386892125474755
2022-10-25,0.022788333723835243
2022-10-26,-0.008422417569338522
2022-10-27,-0.0005615077970774849
2022-10-28,0.015531920260849475
2022-10-31,-0.008298295840968422
2022-11-01,-0.0048815820388275356
2022-11-02,-0.012191632877644024
2022-11-03,0.011484983622049505
2022-11-04,0.0054447049205257675
2022-11-07,0.006893342009038848
2022-11-08,0.007138205094674226
2022-11-09,-0.017716332203762446
2022-11-10,0.029838638795238116
2022-11-11,0.01157184461168603
2022-11-14,0.0006877801396498514
2022-11-15,0.021717658308019215
2022-11-16,-0.01824573706792216
2022-11-17,-0.001184093051556841
2022-11-18,-0.00740115813198137
2022-11-21,-0.005151254950800426
2022-11-22,0.005094584768805494
2022-11-23,0.007827871219488993
2022-11-25,-0.004930499392685787
2022-11-28,0.005870578795049222
2022-11-29,-0.003266013898215504
2022-11-30,0.01297979576000088
2022-12-01,0.019087589026384903
2022-12-02,0.006016431777930229
2022-12-05,-0.004547228250673219
2022-12-06,-0.010313086063690777
2022-12-07,0.002339435210803721
2022-12-08,0.007133131935998551
2022-12-09,-0.0007489107723829972
2022-12-12,0.018403406657653144
2022-12-13,0.007553625270633996
2022-12-14,0.006917052336184749
2022-12-15,-0.018030047587079566
2022-12-16,-0.002367464762757056
2022-12-19,-0.011473467383680745
2022-12-20,-0.0004838106518601146
2022-12-21,-0.001582608110704633
2022-12-22,-0.010505689833519228
2022-12-23,-0.0031545772039517977
2022-12-27,-0.0018498065720630947
2022-12-28,-0.015051640578127062
2022-12-29,0.022767574154834977
2022-12-30,-0.0038787498070984184
2023-01-03,0.003622405024553905
2023-01-04,0.024822119959271846
2023-01-05,-0.0031973026079183823
2023-01-06,0.023324851586887463
2023-01-09,0.016973210976101574
2023-01-10,0.01416520363635003
2023-01-11,0.003951080150559637
2023-01-12,0.015145358168878431
2023-01-13,0.01809016606607294
2023-01-17,0.0007723009666109034
2023-01-18,-0.011104995796788353
2023-01-19,-0.0169948818659502
2023-01-20,0.028206466291115128
2023-01-23,0.02241576186369177
2023-01-24,-0.0015828971661931454
2023-01-25,0.008526816654260354
2023-01-26,0.014934422891135408
2023-01-27,-0.0084583601742318
2023-01-30,-0.016120299681952527
2023-01-31,0.011033747580221732
2023-02-01,0.004818671757800405
2023-02-02,0.005377934500583087
2023-02-03,-0.016454170348103116
2023-02-06,-0.011368742515166747
2023-02-07,0.022642569820992896
2023-02-08,-0.01310688272983144
2023-02-09,-0.0020207232371940507
2023-02-10,-0.011396302737385046
2023-02-13,0.014106045863002438
2023-02-14,0.010372277104326724
2023-02-15,0.004503176735556359
2023-02-16,-0.020784412934345787
2023-02-17,-0.008352401400484745
2023-02-21,-0.01733421158297764
2023-02-22,0.0029570216585742912
2023-02-23,0.009115146150674443
2023-02-24,-0.015547406792501637
2023-02-27,0.00935121484724459
2023-02-28,0.00030981635493878526
2023-03-01,-0.005308530171978387
2023-03-02,0.006221254457622128
2023-03-03,0.013080488111019261
2023-03-06,-0.0038479841327466267
2023-03-07,-0.005930167262546112
2023-03-08,0.0014663035745039986
2023-03-09,-0.02076924824414071
2023-03-10,-0.023550591970949386
2023-03-13,-0.0017862493622624455
2023-03-14,0.017162899931252296
2023-03-15,-0.01257768808266517
2023-03-16,0.015710842415951505
2023-03-17,-0.013659741617661925
2023-03-20,-0.0017158184114502728
2023-03-21,0.025437585529363437
2023-03-22,-0.014039372420583774
2023-03-23,0.010439675393529309
2023-03-24,-0.0067507481910804535
2023-03-27,0.003997775121895589
2023-03-28,-0.0022274887583966095
2023-03-29,0.02650542797730097
2023-05-31,-0.015155230999889715
2023-06-01,0.009231583044427803
2023-06-02,0.007588680886644144
2023-06-05,-0.0034483019987157095
2023-06-06,0.021496716742780444
2023-06-07,-0.018619549658405316
2023-06-08,0.00011171475227303527
2023-06-09,0.0019031825070236251
2023-06-12,0.015692359021947558
2023-06-13,0.01161792774243386
2023-06-14,0.009481067608033845
2023-06-15,0.011222612945549404
2023-06-16,-0.01548714106254211
2023-06-20,-0.020462916185399235
2023-06-21,-0.021740779108236068
2023-06-22,-0.007275592681963269
2023-06-23,-0.021894460222686138
2023-06-26,-3.403992892828827e-05
2023-06-27,0.025417616983467395
2023-06-28,-0.0012855687483173247
2023-06-29,-0.006682800759944388
2023-10-30,-0.00542080479157709
2023-10-31,0.014671300137407617
2023-11-01,0.008019594444831024
2023-11-02,0.008172599390845987
2023-11-03,0.02211838654695717
2023-11-06,-0.009264963213771295
2023-11-07,0.015398018633716851
2023-11-08,-0.013748067720724063
2023-11-09,-0.005671223483638777
2023-11-10,0.028767777071270678
2023-11-13,-0.0070711579799828134
2023-11-14,0.026491321931778312
2023-11-15,0.012891528523465999
2023-11-16,0.009266415249035095
2023-11-17,0.004777974845227704
2023-11-20,0.013674859456630543
2023-11-21,-0.010667696662485356
2023-11-22,0.007060994442301788
2023-11-24,0.0031786937283112167
2023-11-27,-0.00023012088229091188
2023-11-28,0.003508065675760944
2023-11-29,0.0168145189372353
2023-11-30,0.005146791330451763
2023-12-01,0.014495008759714876
2023-12-04,-0.020860864033877193
2023-12-05,-0.010481510082828683
2023-12-06,-0.0025296697340438747
2023-12-07,0.011280412312457388
2023-12-08,0.016713769161364703
2023-12-11,0.023247112403431393
2023-12-12,-0.003257964178290047
2023-12-13,0.007576862281231602
2023-12-14,-0.004463221276945298
2023-12-15,0.004219756051042876
2023-12-18,0.006318977272598868
2023-12-19,0.014858716054776074
2023-12-20,-0.015179486974110246
2023-12-21,0.010945950980404516
2023-12-22,-0.0017259328472467423
2023-12-26,0.004094505668395294
2023-12-27,0.005662163644320876
2023-12-28,-0.002227257667119083
2024-03-01,0.008809702245904782
2024-03-04,0.002645641675835355
2024-03-05,0.0002772176959600849
2024-03-06,0.00036216993619820866
2024-03-07,0.0041088918155120415
2024-03-08,0.0017399154327650333
2024-03-11,0.006728632327621354
2024-03-12,0.002596094354797643
2024-03-13,0.00443852639913056
2024-03-14,-0.011685449313111886
2024-03-15,-0.0026680409862407583
2024-03-18,0.007403790305041761
2024-03-19,0.003592576990769281
2024-03-20,0.005835354727785518
2024-03-21,-0.0019965359202556514
2024-03-22,-0.0004976189909781917
2024-03-25,0.004754248972072778
2024-03-26,-0.004679554503060823
2024-03-27,0.007701384165697911
2024-03-28,-0.0017260786930059183
2024-04-01,-0.000588476415346573
2024-08-30,0.007761599910750674
2024-09-03,-0.025615331491924704
2024-09-04,-0.012727635155455884
2024-09-05,-0.001322946476458447
2024-09-06,-0.023056743805599994
2024-09-09,0.010293114353021333
2024-09-10,0.002010657214198191
2024-09-11,0.021908258474959436
2024-09-12,0.005112514745506627
2024-09-13,-0.002219950966418014
2024-09-16,0.008918897547160652
2024-09-17,0.00524067836390078
2024-09-18,-0.0023575440613490426
2024-09-19,0.024942316830695015
2024-09-20,-0.008903421571159188
2024-09-23,0.005634813110025122
2024-09-24,-0.0006298589421598612
2024-09-25,0.0032011271283708207
2024-09-26,0.00657628108060402
2024-09-27,0.0004151134780909603
2024-09-30,-0.0025535537324453818
2024-10-30,-0.005319457608777075
2024-10-31,-0.0034869161836571633
2024-11-01,0.004269582940970226
2024-11-04,-0.010089780669414893
2024-11-05,0.0032943655752562598
2024-11-06,0.005650075973625677
2024-11-07,0.002304002282633503
2024-11-08,0.013608273541360228
2024-11-11,0.015489632072828535
2024-11-12,-0.0011078372925733809
2024-11-13,-0.0021112698497219176
2024-11-14,-0.017581936451472942
2024-11-15,-0.007623748708848597
2024-11-18,0.007237933653594125
2024-11-19,-0.012029503333072811
2024-11-20,0.002291230832987113
2024-11-21,0.018371487354260543
2024-11-22,0.007976798749546592
2024-11-25,-0.002159338288669126
2024-11-26,0.004381608777823881
2024-11-27,-0.004985392480857401
2024-11-29,-0.0004594078665729998
2024-12-31,-0.006455895846228194
